<?xml version="1.0"?>
<!--<!DOCTYPE metadata SYSTEM "http://www.esri.com/metadata/esriprof80.dtd">-->
<metadata xml:lang="en"><Esri><MetaID>{42A9D39F-5EEF-4A47-B281-72BA740A951D}</MetaID><CreaDate>20120914</CreaDate><CreaTime>06574500</CreaTime><SyncOnce>TRUE</SyncOnce><DataProperties><lineage><Process ToolSource="C:\Program Files\ArcGIS\ArcToolbox\Toolboxes\Data Management Tools.tbx\CopyFeatures" Date="20120914" Time="065745">CopyFeatures quads375 O:\products\naip\final\fy12\shapefiles\naip_3_12_1_1_ca.shp # 0 0 0</Process></lineage></DataProperties></Esri><idinfo><citation><citeinfo><onlink Sync="TRUE">\\Utsaltlaked176\sales\NAIP Photo Centers\NAIP12_Photo_Centers\CAshape\naip_3_12_1_1_ca</onlink></citeinfo></citation></idinfo><distInfo><distributor><distorTran><onLineSrc><linkage Sync="TRUE">file://\\Utsaltlaked176\sales\NAIP Photo Centers\NAIP12_Photo_Centers\CAshape\naip_3_12_1_1_ca</linkage><protocol Sync="TRUE">Local Area Network</protocol></onLineSrc></distorTran></distributor></distInfo><dataqual><lineage><procstep><procdesc Sync="TRUE">Dataset moved.</procdesc><srcused Sync="TRUE">\\Utsaltlaked176\sales\NAIP QQ Shapefiles IT\NAIP12 QQ Shapefiles IT\naip_3_12_1_1_ca</srcused><procdate Sync="TRUE">20121106</procdate><proctime Sync="TRUE">13522200</proctime></procstep></lineage></dataqual></metadata>
